"EasyName","PartNumber","DrillBitSize","Type","ID","OD","Length","IDTolerance","Material","Hardness","Price1to5","Price6to11","Price12Up","PartNumberNote"
"Drill Bushing | OD 1/4 x ID 0.1094 x 1/4 Lg","8493A001","7/64","SF","0.1094","0.25","0.25","0.0001 to 0.0004","Steel","Rockwell C61","19.79","16.79","13.40",""
"Drill Bushing | OD 1/4 x ID 0.125 x 1/4 Lg","8493A002","1/8","SF","0.125","0.25","0.25","0.0001 to 0.0004","Steel","Rockwell C61","19.79","16.79","13.40",""
"Drill Bushing | OD 1/4 x ID 0.125 x 3/8 Lg","8493A004","1/8","SF","0.125","0.25","0.375","0.0001 to 0.0004","Steel","Rockwell C61","20.40","17.31","13.82",""
"Drill Bushing | OD 1/4 x ID 0.125 x 1/2 Lg","8493A012","1/8","SF","0.125","0.25","0.5","0.0001 to 0.0004","Steel","Rockwell C61","21.43","18.18","14.52",""
"Drill Bushing | OD 1/4 x ID 0.125 x 3/4 Lg","8493A413","1/8","SF","0.125","0.25","0.75","0.0001 to 0.0004","Steel","Rockwell C61","24.14","20.48","16.35",""
"Drill Bushing | OD 1/4 x ID 0.1285 x 1/4 Lg","8493A372","30 Ga.","SF","0.1285","0.25","0.25","0.0001 to 0.0004","Steel","Rockwell C61","19.79","16.79","13.40",""
"Drill Bushing | OD 1/4 x ID 0.1285 x 5/16 Lg","8493A003","30 Ga.","SF","0.1285","0.25","0.3125","0.0001 to 0.0004","Steel","Rockwell C61","19.79","16.79","13.40",""
"Drill Bushing | OD 1/4 x ID 0.1285 x 1/2 Lg","8493A227","30 Ga.","SF","0.1285","0.25","0.5","0.0001 to 0.0004","Steel","Rockwell C61","21.43","18.18","14.52",""
"Drill Bushing | OD 1/4 x ID 0.136 x 1/4 Lg","8493A403","29 Ga.","SF","0.136","0.25","0.25","0.0001 to 0.0004","Steel","Rockwell C61","19.79","16.79","13.40",""
"Drill Bushing | OD 1/4 x ID 0.136 x 3/8 Lg","8493A404","29 Ga.","SF","0.136","0.25","0.375","0.0001 to 0.0004","Steel","Rockwell C61","20.40","17.31","13.82",""
"Drill Bushing | OD 1/4 x ID 0.136 x 1/2 Lg","8493A401","29 Ga.","SF","0.136","0.25","0.5","0.0001 to 0.0004","Steel","Rockwell C61","21.43","18.18","14.52",""
"Drill Bushing | OD 1/4 x ID 0.136 x 1 Lg","8493A402","29 Ga.","SF","0.136","0.25","1","0.0001 to 0.0004","Steel","Rockwell C61","34.55","29.31","23.40",""
"Drill Bushing | OD 1/2 x ID 0.152 x 1/2 Lg","8493A533","24 Ga.","SF","0.152","0.5","0.5","0.0001 to 0.0004","Steel","Rockwell C61","9.44","7.80","7.04",""
"Drill Bushing | OD 1/2 x ID 0.1563 x 1/2 Lg","8493A027","5/32","SF","0.1563","0.5","0.5","0.0001 to 0.0004","Steel","Rockwell C61","17.62","14.95","11.94",""
"Drill Bushing | OD 1/2 x ID 0.161 x 1/2 Lg","8493A534","20 Ga.","SF","0.161","0.5","0.5","0.0001 to 0.0004","Steel","Rockwell C61","9.44","7.80","7.04",""
"Drill Bushing | OD 1/2 x ID 0.166 x 1/2 Lg","8493A535","19 Ga.","SF","0.166","0.5","0.5","0.0001 to 0.0004","Steel","Rockwell C61","9.44","7.80","7.04",""
"Drill Bushing | OD 1/2 x ID 0.1695 x 1/2 Lg","8493A536","18 Ga.","SF","0.1695","0.5","0.5","0.0001 to 0.0004","Steel","Rockwell C61","9.44","7.80","7.04",""
"Drill Bushing | OD 1/2 x ID 0.177 x 3/4 Lg","8493A537","16 Ga.","SF","0.177","0.5","0.75","0.0001 to 0.0004","Steel","Rockwell C61","10.85","8.96","8.08",""
"Drill Bushing | OD 1/2 x ID 0.18 x 3/4 Lg","8493A538","15 Ga.","SF","0.18","0.5","0.75","0.0001 to 0.0004","Steel","Rockwell C61","10.85","8.96","8.08",""
"Drill Bushing | OD 1/2 x ID 0.185 x 1/2 Lg","8493A234","13 Ga.","SF","0.185","0.5","0.5","0.0001 to 0.0004","Steel","Rockwell C61","17.62","14.95","11.94",""
"Drill Bushing | OD 1/2 x ID 0.1875 x 5/16 Lg","8493A134","3/16","SF","0.1875","0.5","0.3125","0.0001 to 0.0004","Steel","Rockwell C61","16.43","13.94","11.13",""
"Drill Bushing | OD 1/2 x ID 0.1875 x 3/8 Lg","8493A135","3/16","SF","0.1875","0.5","0.375","0.0001 to 0.0004","Steel","Rockwell C61","17.02","14.44","11.53",""
"Drill Bushing | OD 1/2 x ID 0.1875 x 1/2 Lg","8493A122","3/16","SF","0.1875","0.5","0.5","0.0001 to 0.0004","Steel","Rockwell C61","17.62","14.95","11.94",""
"Drill Bushing | OD 1/2 x ID 0.1875 x 3/4 Lg","8493A142","3/16","SF","0.1875","0.5","0.75","0.0001 to 0.0004","Steel","Rockwell C61","19.26","16.34","13.05",""
"Drill Bushing | OD 1/2 x ID 0.1875 x 1 Lg","8493A162","3/16","SF","0.1875","0.5","1","0.0001 to 0.0004","Steel","Rockwell C61","22.36","18.97","15.15",""
"Drill Bushing | OD 1/2 x ID 0.1875 x 1 3/8 Lg","8493A136","3/16","SF","0.1875","0.5","1.375","0.0001 to 0.0004","Steel","Rockwell C61","25.31","21.47","17.15",""
"Drill Bushing | OD 1/2 x ID 0.1885 x 1/2 Lg","8493A539","3/16","SF","0.1885","0.5","0.5","0.0001 to 0.0004","Steel","Rockwell C61","12.76","10.54","9.51",""
"Drill Bushing | OD 1/2 x ID 0.191 x 1/2 Lg","8493A007","11 Ga.","SF","0.191","0.5","0.5","0.0001 to 0.0004","Steel","Rockwell C61","15.67","13.29","10.61",""
"Drill Bushing | OD 1/2 x ID 0.1935 x 1/2 Lg","8493A229","10 Ga.","SF","0.1935","0.5","0.5","0.0001 to 0.0004","Steel","Rockwell C61","15.67","13.29","10.61",""
"Drill Bushing | OD 1/2 x ID 0.1935 x 3/4 Lg","8493A541","10 Ga.","SF","0.1935","0.5","0.75","0.0001 to 0.0004","Steel","Rockwell C61","10.85","8.96","8.08",""
"Drill Bushing | OD 1/2 x ID 0.1935 x 1 Lg","8493A233","10 Ga.","SF","0.1935","0.5","1","0.0001 to 0.0004","Steel","Rockwell C61","19.26","16.34","13.05",""
"Drill Bushing | OD 1/2 x ID 0.196 x 1/2 Lg","8493A006","9 Ga.","SF","0.196","0.5","0.5","0.0001 to 0.0004","Steel","Rockwell C61","15.67","13.29","10.61",""
"Drill Bushing | OD 1/2 x ID 0.201 x 3/4 Lg","8493A312","7 Ga.","SF","0.201","0.5","0.75","0.0001 to 0.0004","Steel","Rockwell C61","17.02","14.44","11.53",""
"Drill Bushing | OD 1/2 x ID 0.2031 x 1/2 Lg","8493A123","13/64","SF","0.2031","0.5","0.5","0.0001 to 0.0004","Steel","Rockwell C61","15.67","13.29","10.61",""
"Drill Bushing | OD 1/2 x ID 0.2031 x 3/4 Lg","8493A143","13/64","SF","0.2031","0.5","0.75","0.0001 to 0.0004","Steel","Rockwell C61","17.02","14.44","11.53",""
"Drill Bushing | OD 1/2 x ID 0.2031 x 1 Lg","8493A163","13/64","SF","0.2031","0.5","1","0.0001 to 0.0004","Steel","Rockwell C61","19.26","16.34","13.05",""
"Drill Bushing | OD 1/2 x ID 0.204 x 3/4 Lg","8493A542","6 Ga.","SF","0.204","0.5","0.75","0.0001 to 0.0004","Steel","Rockwell C61","10.85","8.96","8.08",""
"Drill Bushing | OD 1/2 x ID 0.2055 x 3/4 Lg","8493A543","5 Ga.","SF","0.2055","0.5","0.75","0.0001 to 0.0004","Steel","Rockwell C61","10.85","8.96","8.08",""
"Drill Bushing | OD 1/2 x ID 0.209 x 3/4 Lg","8493A544","4 Ga.","SF","0.209","0.5","0.75","0.0001 to 0.0004","Steel","Rockwell C61","10.85","8.96","8.08",""
"Drill Bushing | OD 1/2 x ID 0.213 x 1/2 Lg","8493A324","3 Ga.","SF","0.213","0.5","0.5","0.0001 to 0.0004","Steel","Rockwell C61","15.67","13.29","10.61",""
"Drill Bushing | OD 1/2 x ID 0.213 x 1 Lg","8493A325","3 Ga.","SF","0.213","0.5","1","0.0001 to 0.0004","Steel","Rockwell C61","19.26","16.34","13.05",""
"Drill Bushing | OD 1/2 x ID 0.2188 x 1/2 Lg","8493A133","7/32","SF","0.2188","0.5","0.5","0.0001 to 0.0004","Steel","Rockwell C61","15.67","13.29","10.61",""
"Drill Bushing | OD 1/2 x ID 0.2188 x 3/4 Lg","8493A322","7/32","SF","0.2188","0.5","0.75","0.0001 to 0.0004","Steel","Rockwell C61","17.02","14.44","11.53",""
"Drill Bushing | OD 1/2 x ID 0.2188 x 1 Lg","8493A323","7/32","SF","0.2188","0.5","1","0.0001 to 0.0004","Steel","Rockwell C61","19.26","16.34","13.05",""
"Drill Bushing | OD 1/2 x ID 0.221 x 1/2 Lg","8493A031","2 Ga.","SF","0.221","0.5","0.5","0.0001 to 0.0004","Steel","Rockwell C61","15.67","13.29","10.61",""
"Drill Bushing | OD 1/2 x ID 0.228 x 1/2 Lg","8493A032","1 Ga.","SF","0.228","0.5","0.5","0.0001 to 0.0004","Steel","Rockwell C61","15.67","13.29","10.61",""
"Drill Bushing | OD 1/2 x ID 0.228 x 3/4 Lg","8493A033","1 Ga.","SF","0.228","0.5","0.75","0.0001 to 0.0004","Steel","Rockwell C61","17.02","14.44","11.53",""
"Drill Bushing | OD 1/2 x ID 0.228 x 1 Lg","8493A034","1 Ga.","SF","0.228","0.5","1","0.0001 to 0.0004","Steel","Rockwell C61","15.67","13.29","10.61",""
"Drill Bushing | OD 1/2 x ID 0.234 x 3/4 Lg","8493A545","A","SF","0.234","0.5","0.75","0.0001 to 0.0004","Steel","Rockwell C61","10.85","8.96","8.08",""
"Drill Bushing | OD 1/2 x ID 0.2344 x 1/2 Lg","8493A125","15/64","SF","0.2344","0.5","0.5","0.0001 to 0.0004","Steel","Rockwell C61","19.26","16.34","13.05",""
"Drill Bushing | OD 1/2 x ID 0.2344 x 3/4 Lg","8493A145","15/64","SF","0.2344","0.5","0.75","0.0001 to 0.0004","Steel","Rockwell C61","17.02","14.44","11.53",""
"Drill Bushing | OD 1/2 x ID 0.238 x 1/2 Lg","8493A035","B","SF","0.238","0.5","0.5","0.0001 to 0.0004","Steel","Rockwell C61","15.67","13.29","10.61",""
"Drill Bushing | OD 1/2 x ID 0.242 x 3/4 Lg","8493A546","C","SF","0.242","0.5","0.75","0.0001 to 0.0004","Steel","Rockwell C61","10.85","8.96","8.08",""
"Drill Bushing | OD 1/2 x ID 0.246 x 3/4 Lg","8493A547","D","SF","0.246","0.5","0.75","0.0001 to 0.0004","Steel","Rockwell C61","10.85","8.96","8.08",""
"Drill Bushing | OD 1/2 x ID 0.25 x 1/4 Lg","8493A072","1/4, E","SF","0.25","0.5","0.25","0.0001 to 0.0004","Steel","Rockwell C61","16.60","14.08","11.24",""
"Drill Bushing | OD 1/2 x ID 0.25 x 5/16 Lg","8493A124","1/4, E","SF","0.25","0.5","0.3125","0.0001 to 0.0004","Steel","Rockwell C61","14.48","12.28","9.81",""
"Drill Bushing | OD 1/2 x ID 0.25 x 3/8 Lg","8493A412","1/4, E","SF","0.25","0.5","0.375","0.0001 to 0.0004","Steel","Rockwell C61","15.05","12.77","10.19",""
"Drill Bushing | OD 1/2 x ID 0.25 x 1/2 Lg","8493A126","1/4, E","SF","0.25","0.5","0.5","0.0001 to 0.0004","Steel","Rockwell C61","15.67","13.29","10.61",""
"Drill Bushing | OD 1/2 x ID 0.25 x 3/4 Lg","8493A146","1/4, E","SF","0.25","0.5","0.75","0.0001 to 0.0004","Steel","Rockwell C61","17.02","14.44","11.53",""
"Drill Bushing | OD 1/2 x ID 0.25 x 1 Lg","8493A166","1/4, E","SF","0.25","0.5","1","0.0001 to 0.0004","Steel","Rockwell C61","19.26","16.34","13.05",""
"Drill Bushing | OD 1/2 x ID 0.25 x 1 3/8 Lg","8493A235","1/4, E","SF","0.25","0.5","1.375","0.0001 to 0.0004","Steel","Rockwell C61","23.31","19.78","15.79",""
"Drill Bushing | OD 1/2 x ID 0.251 x 3/4 Lg","8493A548","1/4, E","SF","0.251","0.5","0.75","0.0001 to 0.0004","Steel","Rockwell C61","14.93","12.34","11.13",""
"Drill Bushing | OD 1/2 x ID 0.252 x 3/4 Lg","8493A549","6.4 mm","SF","0.252","0.5","0.75","0.0001 to 0.0005","Steel","Rockwell C61","14.93","12.34","11.13",""
"Drill Bushing | OD 1/2 x ID 0.257 x 1/2 Lg","8493A127","F","SF","0.257","0.5","0.5","0.0001 to 0.0005","Steel","Rockwell C61","15.67","13.29","10.61",""
"Drill Bushing | OD 1/2 x ID 0.257 x 3/4 Lg","8493A147","F","SF","0.257","0.5","0.75","0.0001 to 0.0005","Steel","Rockwell C61","17.02","14.44","11.53",""
"Drill Bushing | OD 1/2 x ID 0.261 x 1 Lg","8493A551","G","SF","0.261","0.5","1","0.0001 to 0.0005","Steel","Rockwell C61","10.85","8.96","8.08",""
"Drill Bushing | OD 1/2 x ID 0.2656 x 1/2 Lg","8493A128","17/64","SF","0.2656","0.5","0.5","0.0001 to 0.0005","Steel","Rockwell C61","15.67","13.29","10.61",""
"Drill Bushing | OD 1/2 x ID 0.2656 x 3/4 Lg","8493A148","17/64","SF","0.2656","0.5","0.75","0.0001 to 0.0005","Steel","Rockwell C61","17.02","14.44","11.53",""
"Drill Bushing | OD 1/2 x ID 0.2656 x 1 Lg","8493A168","17/64","SF","0.2656","0.5","1","0.0001 to 0.0005","Steel","Rockwell C61","19.26","16.34","13.05",""
"Drill Bushing | OD 1/2 x ID 0.266 x 1 Lg","8493A552","H","SF","0.266","0.5","1","0.0001 to 0.0005","Steel","Rockwell C61","10.85","8.96","8.08",""
"Drill Bushing | OD 1/2 x ID 0.272 x 1 Lg","8493A553","I","SF","0.272","0.5","1","0.0001 to 0.0005","Steel","Rockwell C61","10.85","8.96","8.08",""
"Drill Bushing | OD 1/2 x ID 0.277 x 1 Lg","8493A554","J","SF","0.277","0.5","1","0.0001 to 0.0005","Steel","Rockwell C61","10.85","8.96","8.08",""
"Drill Bushing | OD 1/2 x ID 0.281 x 1 Lg","8493A555","K","SF","0.281","0.5","1","0.0001 to 0.0005","Steel","Rockwell C61","10.85","8.96","8.08",""
"Drill Bushing | OD 1/2 x ID 0.2813 x 1/2 Lg","8493A129","9/32","SF","0.2813","0.5","0.5","0.0001 to 0.0005","Steel","Rockwell C61","15.67","13.29","10.61",""
"Drill Bushing | OD 1/2 x ID 0.2813 x 3/4 Lg","8493A149","9/32","SF","0.2813","0.5","0.75","0.0001 to 0.0005","Steel","Rockwell C61","17.02","14.44","11.53",""
"Drill Bushing | OD 1/2 x ID 0.2813 x 1 Lg","8493A169","9/32","SF","0.2813","0.5","1","0.0001 to 0.0005","Steel","Rockwell C61","19.26","16.34","13.05",""
"Drill Bushing | OD 1/2 x ID 0.2969 x 1/2 Lg","8493A237","19/64","SF","0.2969","0.5","0.5","0.0001 to 0.0005","Steel","Rockwell C61","15.67","13.29","10.61",""
"Drill Bushing | OD 1/2 x ID 0.302 x 1/2 Lg","8493A044","N","SF","0.302","0.5","0.5","0.0001 to 0.0005","Steel","Rockwell C61","15.67","13.29","10.61",""
"Drill Bushing | OD 1/2 x ID 0.3125 x 1/4 Lg","8493A378","5/16","SF","0.3125","0.5","0.25","0.0001 to 0.0005","Steel","Rockwell C61","17.98","15.25","12.18",""
"Drill Bushing | OD 1/2 x ID 0.3125 x 3/8 Lg","8493A379","5/16","SF","0.3125","0.5","0.375","0.0001 to 0.0005","Steel","Rockwell C61","15.05","12.77","10.19",""
"Drill Bushing | OD 1/2 x ID 0.3125 x 1/2 Lg","8493A131","5/16","SF","0.3125","0.5","0.5","0.0001 to 0.0005","Steel","Rockwell C61","15.67","13.29","10.61",""
"Drill Bushing | OD 1/2 x ID 0.3125 x 3/4 Lg","8493A151","5/16","SF","0.3125","0.5","0.75","0.0001 to 0.0005","Steel","Rockwell C61","17.02","14.44","11.53",""
"Drill Bushing | OD 1/2 x ID 0.3125 x 1 Lg","8493A171","5/16","SF","0.3125","0.5","1","0.0001 to 0.0005","Steel","Rockwell C61","19.26","16.34","13.05",""
"Drill Bushing | OD 1/2 x ID 0.3125 x 1 3/8 Lg","8493A137","5/16","SF","0.3125","0.5","1.375","0.0001 to 0.0005","Steel","Rockwell C61","23.31","19.78","15.79",""
"Drill Bushing | OD 1/2 x ID 0.3125 x 1 1/2 Lg","8493A138","5/16","SF","0.3125","0.5","1.5","0.0001 to 0.0005","Steel","Rockwell C61","30.83","26.16","20.89",""
"Drill Bushing | OD 1/2 x ID 0.316 x 1/2 Lg","8493A045","O","SF","0.316","0.5","0.5","0.0001 to 0.0005","Steel","Rockwell C61","15.67","13.29","10.61",""
"Drill Bushing | OD 1/2 x ID 0.3281 x 3/8 Lg","8493A405","21/64","SF","0.3281","0.5","0.375","0.0001 to 0.0005","Steel","Rockwell C61","15.05","12.77","10.19",""
"Drill Bushing | OD 1/2 x ID 0.3281 x 1/2 Lg","8493A406","21/64","SF","0.3281","0.5","0.5","0.0001 to 0.0005","Steel","Rockwell C61","15.67","13.29","10.61",""
"Drill Bushing | OD 1/2 x ID 0.3281 x 1 Lg","8493A407","21/64","SF","0.3281","0.5","1","0.0001 to 0.0005","Steel","Rockwell C61","19.26","16.34","13.05",""
"Drill Bushing | OD 1/2 x ID 0.332 x 3/8 Lg","8493A408","Q","SF","0.332","0.5","0.375","0.0001 to 0.0005","Steel","Rockwell C61","15.05","12.77","10.19",""
"Drill Bushing | OD 1/2 x ID 0.332 x 1/2 Lg","8493A409","Q","SF","0.332","0.5","0.5","0.0001 to 0.0005","Steel","Rockwell C61","15.67","13.29","10.61",""
"Drill Bushing | OD 1/2 x ID 0.3438 x 1/2 Lg","8493A132","11/32","SF","0.3438","0.5","0.5","0.0001 to 0.0005","Steel","Rockwell C61","15.67","13.29","10.61",""
"Drill Bushing | OD 1/2 x ID 0.3438 x 3/4 Lg","8493A152","11/32","SF","0.3438","0.5","0.75","0.0001 to 0.0005","Steel","Rockwell C61","17.02","14.44","11.53",""
"Drill Bushing | OD 1/2 x ID 0.3438 x 1 Lg","8493A172","11/32","SF","0.3438","0.5","1","0.0001 to 0.0005","Steel","Rockwell C61","19.26","16.34","13.05",""
"Drill Bushing | OD 1/2 x ID 0.375 x 1/2 Lg","8493A073","3/8","SF","0.375","0.5","0.5","0.0001 to 0.0005","Steel","Rockwell C61","22.98","19.49","15.56",""
"Drill Bushing | OD 3/4 x ID 0.25 x 1/2 Lg","","1/4, E","SF","0.25","0.75","0.5","0.0001 to 0.0004","Steel","Rockwell C61","","","","PN unverified - real 3/4 OD removable-bushing part number was clipped from the source McMaster PDF; look up on mcmaster.com by ID+length before ordering. Price also unlisted."
"Drill Bushing | OD 3/4 x ID 0.29 x 1 Lg","","L","SF","0.29","0.75","1.0","0.0001 to 0.0005","Steel","Rockwell C61","","","","PN unverified - real 3/4 OD removable-bushing part number was clipped from the source McMaster PDF; look up on mcmaster.com by ID+length before ordering. Price also unlisted."
"Drill Bushing | OD 3/4 x ID 0.3125 x 1/2 Lg","","5/16","SF","0.3125","0.75","0.5","0.0001 to 0.0005","Steel","Rockwell C61","","","","PN unverified - real 3/4 OD removable-bushing part number was clipped from the source McMaster PDF; look up on mcmaster.com by ID+length before ordering. Price also unlisted."
"Drill Bushing | OD 3/4 x ID 0.3125 x 3/4 Lg","","5/16","SF","0.3125","0.75","0.75","0.0001 to 0.0005","Steel","Rockwell C61","","","","PN unverified - real 3/4 OD removable-bushing part number was clipped from the source McMaster PDF; look up on mcmaster.com by ID+length before ordering. Price also unlisted."
"Drill Bushing | OD 3/4 x ID 0.3125 x 1 Lg","","5/16","SF","0.3125","0.75","1.0","0.0001 to 0.0005","Steel","Rockwell C61","","","","PN unverified - real 3/4 OD removable-bushing part number was clipped from the source McMaster PDF; look up on mcmaster.com by ID+length before ordering. Price also unlisted."
"Drill Bushing | OD 3/4 x ID 0.315 x 1 Lg","","8 mm","SF","0.315","0.75","1.0","0.0001 to 0.0005","Steel","Rockwell C61","","","","PN unverified - real 3/4 OD removable-bushing part number was clipped from the source McMaster PDF; look up on mcmaster.com by ID+length before ordering. Price also unlisted."
"Drill Bushing | OD 3/4 x ID 0.323 x 1 Lg","","P","SF","0.323","0.75","1.0","0.0001 to 0.0005","Steel","Rockwell C61","","","","PN unverified - real 3/4 OD removable-bushing part number was clipped from the source McMaster PDF; look up on mcmaster.com by ID+length before ordering. Price also unlisted."
"Drill Bushing | OD 3/4 x ID 0.3281 x 2 1/8 Lg","","21/64","SF","0.3281","0.75","2.125","0.0001 to 0.0005","Steel","Rockwell C61","","","","PN unverified - real 3/4 OD removable-bushing part number was clipped from the source McMaster PDF; look up on mcmaster.com by ID+length before ordering. Price also unlisted."
"Drill Bushing | OD 3/4 x ID 0.339 x 1 Lg","","R","SF","0.339","0.75","1.0","0.0001 to 0.0005","Steel","Rockwell C61","","","","PN unverified - real 3/4 OD removable-bushing part number was clipped from the source McMaster PDF; look up on mcmaster.com by ID+length before ordering. Price also unlisted."
"Drill Bushing | OD 3/4 x ID 0.3438 x 1 3/8 Lg","","11/32","SF","0.3438","0.75","1.375","0.0001 to 0.0005","Steel","Rockwell C61","","","","PN unverified - real 3/4 OD removable-bushing part number was clipped from the source McMaster PDF; look up on mcmaster.com by ID+length before ordering. Price also unlisted."
"Drill Bushing | OD 3/4 x ID 0.348 x 1 Lg","","S","SF","0.348","0.75","1.0","0.0001 to 0.0005","Steel","Rockwell C61","","","","PN unverified - real 3/4 OD removable-bushing part number was clipped from the source McMaster PDF; look up on mcmaster.com by ID+length before ordering. Price also unlisted."
"Drill Bushing | OD 3/4 x ID 0.3594 x 1 3/8 Lg","","23/64","SF","0.3594","0.75","1.375","0.0001 to 0.0005","Steel","Rockwell C61","","","","PN unverified - real 3/4 OD removable-bushing part number was clipped from the source McMaster PDF; look up on mcmaster.com by ID+length before ordering. Price also unlisted."
"Drill Bushing | OD 3/4 x ID 0.368 x 1 Lg","","U","SF","0.368","0.75","1.0","0.0001 to 0.0005","Steel","Rockwell C61","","","","PN unverified - real 3/4 OD removable-bushing part number was clipped from the source McMaster PDF; look up on mcmaster.com by ID+length before ordering. Price also unlisted."
"Drill Bushing | OD 3/4 x ID 0.375 x 1/2 Lg","","3/8","SF","0.375","0.75","0.5","0.0001 to 0.0005","Steel","Rockwell C61","","","","PN unverified - real 3/4 OD removable-bushing part number was clipped from the source McMaster PDF; look up on mcmaster.com by ID+length before ordering. Price also unlisted."
"Drill Bushing | OD 3/4 x ID 0.375 x 3/4 Lg","","3/8","SF","0.375","0.75","0.75","0.0001 to 0.0005","Steel","Rockwell C61","","","","PN unverified - real 3/4 OD removable-bushing part number was clipped from the source McMaster PDF; look up on mcmaster.com by ID+length before ordering. Price also unlisted."
"Drill Bushing | OD 3/4 x ID 0.375 x 1 Lg","","3/8","SF","0.375","0.75","1.0","0.0001 to 0.0005","Steel","Rockwell C61","","","","PN unverified - real 3/4 OD removable-bushing part number was clipped from the source McMaster PDF; look up on mcmaster.com by ID+length before ordering. Price also unlisted."
"Drill Bushing | OD 3/4 x ID 0.376 x 1 Lg","","3/8","SF","0.376","0.75","1.0","0.0001 to 0.0005","Steel","Rockwell C61","","","","PN unverified - real 3/4 OD removable-bushing part number was clipped from the source McMaster PDF; look up on mcmaster.com by ID+length before ordering. Price also unlisted."
"Drill Bushing | OD 3/4 x ID 0.377 x 1 Lg","","V","SF","0.377","0.75","1.0","0.0001 to 0.0005","Steel","Rockwell C61","","","","PN unverified - real 3/4 OD removable-bushing part number was clipped from the source McMaster PDF; look up on mcmaster.com by ID+length before ordering. Price also unlisted."
"Drill Bushing | OD 3/4 x ID 0.386 x 1 Lg","","W","SF","0.386","0.75","1.0","0.0001 to 0.0005","Steel","Rockwell C61","","","","PN unverified - real 3/4 OD removable-bushing part number was clipped from the source McMaster PDF; look up on mcmaster.com by ID+length before ordering. Price also unlisted."
"Drill Bushing | OD 3/4 x ID 0.3906 x 1/2 Lg","","25/64","SF","0.3906","0.75","0.5","0.0001 to 0.0005","Steel","Rockwell C61","","","","PN unverified - real 3/4 OD removable-bushing part number was clipped from the source McMaster PDF; look up on mcmaster.com by ID+length before ordering. Price also unlisted."
"Drill Bushing | OD 3/4 x ID 0.3906 x 3/4 Lg","","25/64","SF","0.3906","0.75","0.75","0.0001 to 0.0005","Steel","Rockwell C61","","","","PN unverified - real 3/4 OD removable-bushing part number was clipped from the source McMaster PDF; look up on mcmaster.com by ID+length before ordering. Price also unlisted."
"Drill Bushing | OD 3/4 x ID 0.3906 x 1 Lg","","25/64","SF","0.3906","0.75","1.0","0.0001 to 0.0005","Steel","Rockwell C61","","","","PN unverified - real 3/4 OD removable-bushing part number was clipped from the source McMaster PDF; look up on mcmaster.com by ID+length before ordering. Price also unlisted."
"Drill Bushing | OD 3/4 x ID 0.397 x 1 Lg","","X","SF","0.397","0.75","1.0","0.0001 to 0.0005","Steel","Rockwell C61","","","","PN unverified - real 3/4 OD removable-bushing part number was clipped from the source McMaster PDF; look up on mcmaster.com by ID+length before ordering. Price also unlisted."
"Drill Bushing | OD 3/4 x ID 0.404 x 1 Lg","","Y","SF","0.404","0.75","1.0","0.0001 to 0.0005","Steel","Rockwell C61","","","","PN unverified - real 3/4 OD removable-bushing part number was clipped from the source McMaster PDF; look up on mcmaster.com by ID+length before ordering. Price also unlisted."
"Drill Bushing | OD 3/4 x ID 0.4063 x 1/2 Lg","","13/32","SF","0.4063","0.75","0.5","0.0001 to 0.0005","Steel","Rockwell C61","","","","PN unverified - real 3/4 OD removable-bushing part number was clipped from the source McMaster PDF; look up on mcmaster.com by ID+length before ordering. Price also unlisted."
"Drill Bushing | OD 3/4 x ID 0.4063 x 3/4 Lg","","13/32","SF","0.4063","0.75","0.75","0.0001 to 0.0005","Steel","Rockwell C61","","","","PN unverified - real 3/4 OD removable-bushing part number was clipped from the source McMaster PDF; look up on mcmaster.com by ID+length before ordering. Price also unlisted."
"Drill Bushing | OD 3/4 x ID 0.413 x 1 3/8 Lg","","Z","SF","0.413","0.75","1.375","0.0001 to 0.0005","Steel","Rockwell C61","","","","PN unverified - real 3/4 OD removable-bushing part number was clipped from the source McMaster PDF; look up on mcmaster.com by ID+length before ordering. Price also unlisted."
"Drill Bushing | OD 3/4 x ID 0.4219 x 1/2 Lg","","27/64","SF","0.4219","0.75","0.5","0.0001 to 0.0005","Steel","Rockwell C61","","","","PN unverified - real 3/4 OD removable-bushing part number was clipped from the source McMaster PDF; look up on mcmaster.com by ID+length before ordering. Price also unlisted."
"Drill Bushing | OD 3/4 x ID 0.4219 x 3/4 Lg","","27/64","SF","0.4219","0.75","0.75","0.0001 to 0.0005","Steel","Rockwell C61","","","","PN unverified - real 3/4 OD removable-bushing part number was clipped from the source McMaster PDF; look up on mcmaster.com by ID+length before ordering. Price also unlisted."
"Drill Bushing | OD 3/4 x ID 0.4219 x 1 Lg","","27/64","SF","0.4219","0.75","1.0","0.0001 to 0.0005","Steel","Rockwell C61","","","","PN unverified - real 3/4 OD removable-bushing part number was clipped from the source McMaster PDF; look up on mcmaster.com by ID+length before ordering. Price also unlisted."
"Drill Bushing | OD 3/4 x ID 0.4375 x 3/8 Lg","","7/16","SF","0.4375","0.75","0.375","0.0001 to 0.0005","Steel","Rockwell C61","","","","PN unverified - real 3/4 OD removable-bushing part number was clipped from the source McMaster PDF; look up on mcmaster.com by ID+length before ordering. Price also unlisted."
"Drill Bushing | OD 3/4 x ID 0.4375 x 1/2 Lg","","7/16","SF","0.4375","0.75","0.5","0.0001 to 0.0005","Steel","Rockwell C61","","","","PN unverified - real 3/4 OD removable-bushing part number was clipped from the source McMaster PDF; look up on mcmaster.com by ID+length before ordering. Price also unlisted."
"Drill Bushing | OD 3/4 x ID 0.4375 x 3/4 Lg","","7/16","SF","0.4375","0.75","0.75","0.0001 to 0.0005","Steel","Rockwell C61","","","","PN unverified - real 3/4 OD removable-bushing part number was clipped from the source McMaster PDF; look up on mcmaster.com by ID+length before ordering. Price also unlisted."
"Drill Bushing | OD 3/4 x ID 0.4375 x 1 Lg","","7/16","SF","0.4375","0.75","1.0","0.0001 to 0.0005","Steel","Rockwell C61","","","","PN unverified - real 3/4 OD removable-bushing part number was clipped from the source McMaster PDF; look up on mcmaster.com by ID+length before ordering. Price also unlisted."
"Drill Bushing | OD 3/4 x ID 0.4375 x 1 3/8 Lg","","7/16","SF","0.4375","0.75","1.375","0.0001 to 0.0005","Steel","Rockwell C61","","","","PN unverified - real 3/4 OD removable-bushing part number was clipped from the source McMaster PDF; look up on mcmaster.com by ID+length before ordering. Price also unlisted."
"Drill Bushing | OD 3/4 x ID 0.4531 x 1 Lg","","29/64","SF","0.4531","0.75","1.0","0.0001 to 0.0005","Steel","Rockwell C61","","","","PN unverified - real 3/4 OD removable-bushing part number was clipped from the source McMaster PDF; look up on mcmaster.com by ID+length before ordering. Price also unlisted."
"Drill Bushing | OD 3/4 x ID 0.4688 x 1/2 Lg","","15/32","SF","0.4688","0.75","0.5","0.0001 to 0.0005","Steel","Rockwell C61","","","","PN unverified - real 3/4 OD removable-bushing part number was clipped from the source McMaster PDF; look up on mcmaster.com by ID+length before ordering. Price also unlisted."
"Drill Bushing | OD 3/4 x ID 0.4688 x 3/4 Lg","","15/32","SF","0.4688","0.75","0.75","0.0001 to 0.0005","Steel","Rockwell C61","","","","PN unverified - real 3/4 OD removable-bushing part number was clipped from the source McMaster PDF; look up on mcmaster.com by ID+length before ordering. Price also unlisted."
"Drill Bushing | OD 3/4 x ID 0.4688 x 1 Lg","","15/32","SF","0.4688","0.75","1.0","0.0001 to 0.0005","Steel","Rockwell C61","","","","PN unverified - real 3/4 OD removable-bushing part number was clipped from the source McMaster PDF; look up on mcmaster.com by ID+length before ordering. Price also unlisted."
"Drill Bushing | OD 3/4 x ID 0.4688 x 1 3/4 Lg","","15/32","SF","0.4688","0.75","1.75","0.0001 to 0.0005","Steel","Rockwell C61","","","","PN unverified - real 3/4 OD removable-bushing part number was clipped from the source McMaster PDF; look up on mcmaster.com by ID+length before ordering. Price also unlisted."
"Drill Bushing | OD 3/4 x ID 0.4844 x 1 3/8 Lg","","31/64","SF","0.4844","0.75","1.375","0.0001 to 0.0005","Steel","Rockwell C61","","","","PN unverified - real 3/4 OD removable-bushing part number was clipped from the source McMaster PDF; look up on mcmaster.com by ID+length before ordering. Price also unlisted."
"Drill Bushing | OD 3/4 x ID 0.5 x 3/8 Lg","","1/2","SF","0.5","0.75","0.375","0.0001 to 0.0005","Steel","Rockwell C61","","","","PN unverified - real 3/4 OD removable-bushing part number was clipped from the source McMaster PDF; look up on mcmaster.com by ID+length before ordering. Price also unlisted."
"Drill Bushing | OD 3/4 x ID 0.5 x 1/2 Lg","","1/2","SF","0.5","0.75","0.5","0.0001 to 0.0005","Steel","Rockwell C61","","","","PN unverified - real 3/4 OD removable-bushing part number was clipped from the source McMaster PDF; look up on mcmaster.com by ID+length before ordering. Price also unlisted."
"Drill Bushing | OD 3/4 x ID 0.5 x 5/8 Lg","","1/2","SF","0.5","0.75","0.625","0.0001 to 0.0005","Steel","Rockwell C61","","","","PN unverified - real 3/4 OD removable-bushing part number was clipped from the source McMaster PDF; look up on mcmaster.com by ID+length before ordering. Price also unlisted."
"Drill Bushing | OD 3/4 x ID 0.5 x 3/4 Lg","","1/2","SF","0.5","0.75","0.75","0.0001 to 0.0005","Steel","Rockwell C61","","","","PN unverified - real 3/4 OD removable-bushing part number was clipped from the source McMaster PDF; look up on mcmaster.com by ID+length before ordering. Price also unlisted."
"Drill Bushing | OD 3/4 x ID 0.5 x 1 Lg","","1/2","SF","0.5","0.75","1.0","0.0001 to 0.0005","Steel","Rockwell C61","","","","PN unverified - real 3/4 OD removable-bushing part number was clipped from the source McMaster PDF; look up on mcmaster.com by ID+length before ordering. Price also unlisted."
"Drill Bushing | OD 3/4 x ID 0.5 x 1 3/8 Lg","","1/2","SF","0.5","0.75","1.375","0.0001 to 0.0005","Steel","Rockwell C61","","","","PN unverified - real 3/4 OD removable-bushing part number was clipped from the source McMaster PDF; look up on mcmaster.com by ID+length before ordering. Price also unlisted."
"Drill Bushing | OD 3/4 x ID 0.5 x 1 1/2 Lg","","1/2","SF","0.5","0.75","1.5","0.0001 to 0.0005","Steel","Rockwell C61","","","","PN unverified - real 3/4 OD removable-bushing part number was clipped from the source McMaster PDF; look up on mcmaster.com by ID+length before ordering. Price also unlisted."
"Drill Bushing | OD 3/4 x ID 0.5 x 1 3/4 Lg","","1/2","SF","0.5","0.75","1.75","0.0001 to 0.0005","Steel","Rockwell C61","","","","PN unverified - real 3/4 OD removable-bushing part number was clipped from the source McMaster PDF; look up on mcmaster.com by ID+length before ordering. Price also unlisted."
"Drill Bushing | OD 3/4 x ID 0.5156 x 1 Lg","","33/64","SF","0.5156","0.75","1.0","0.0001 to 0.0005","Steel","Rockwell C61","","","","PN unverified - real 3/4 OD removable-bushing part number was clipped from the source McMaster PDF; look up on mcmaster.com by ID+length before ordering. Price also unlisted."
"Drill Bushing | OD 3/4 x ID 0.5313 x 1/2 Lg","","17/32","SF","0.5313","0.75","0.5","0.0001 to 0.0005","Steel","Rockwell C61","","","","PN unverified - real 3/4 OD removable-bushing part number was clipped from the source McMaster PDF; look up on mcmaster.com by ID+length before ordering. Price also unlisted."
"Drill Bushing | OD 3/4 x ID 0.5313 x 3/4 Lg","","17/32","SF","0.5313","0.75","0.75","0.0001 to 0.0005","Steel","Rockwell C61","","","","PN unverified - real 3/4 OD removable-bushing part number was clipped from the source McMaster PDF; look up on mcmaster.com by ID+length before ordering. Price also unlisted."
"Drill Bushing | OD 3/4 x ID 0.5625 x 3/4 Lg","","9/16","SF","0.5625","0.75","0.75","0.0001 to 0.0005","Steel","Rockwell C61","","","","PN unverified - real 3/4 OD removable-bushing part number was clipped from the source McMaster PDF; look up on mcmaster.com by ID+length before ordering. Price also unlisted."
"Drill Bushing | OD 3/4 x ID 0.5625 x 1 Lg","","9/16","SF","0.5625","0.75","1.0","0.0001 to 0.0005","Steel","Rockwell C61","","","","PN unverified - real 3/4 OD removable-bushing part number was clipped from the source McMaster PDF; look up on mcmaster.com by ID+length before ordering. Price also unlisted."
